Keyword,Organic Result #,Title,URL,PAA Question #,Question
webscraping,1,"Web scraping: o que é, como funciona e para que serve?","https://netrin.com.br/apis/web-scraping-o-que-e-como-funciona/#:~:text=O%20Web%20scraping%2C%20ou%20%E2%80%9Craspagem,informa%C3%A7%C3%B5es%20p%C3%BAblicas%2C%20para%20diversos%20fins.",,
webscraping,2,"Web scraping: o que é, como funciona e para que serve?","https://netrin.com.br/apis/web-scraping-o-que-e-como-funciona/#:~:text=O%20Web%20scraping%2C%20ou%20%E2%80%9Craspagem,informa%C3%A7%C3%B5es%20p%C3%BAblicas%2C%20para%20diversos%20fins.",,
webscraping,3,Web Scraping: como usar a raspagem de dados a favor da ...,https://ejfgv.com/web-scraping/,,
webscraping,4,"Web scraping – Wikipédia, a enciclopédia livre",https://pt.wikipedia.org/wiki/Web_scraping,,
webscraping,5,O que é e para que serve o Web Scraping?,https://www.remessaonline.com.br/blog/web-scraping/,,
webscraping,6,Web Scraper - The #1 web scraping extension,https://webscraper.io/,,
webscraping,7,O que é web scraping e como ocorre?,https://canaltech.com.br/seguranca/o-que-e-web-scraping/,,
webscraping,8,O que é Web Scraping? Como Extrair Legalmente ...,https://kinsta.com/pt/base-de-conhecimento/o-que-e-web-scraping/,,
webscraping,,,,1,Para que serve o web scraping?
webscraping,,,,2,O que é web scraping Python?
webscraping,,,,3,O que é raspagem web?
webscraping,,,,4,Qual a melhor linguagem para fazer web scraping?
dark matter,1,Matéria Escura - Apple TV+ Press (BR),https://www.apple.com/br/tv-pr/originals/dark-matter/,,
dark matter,2,Dark Matter & Dark Energy,https://science.nasa.gov/universe/dark-matter-dark-energy/,,
dark matter,3,Dark Matter: A Novel,https://www.amazon.com.br/Dark-Matter-Novel-Blake-Crouch/dp/1101904240,,
dark matter,4,Dark Matter (TV Series 2024,https://www.imdb.com/title/tt19231492/,,
dark matter,5,Dark Matter,https://www.primevideo.com/-/pt/detail/Dark-Matter/0OO4P8SHJMBVOS7BFUFEF00U7U,,
dark matter,6,Dark Matter (2024 TV series),https://en.wikipedia.org/wiki/Dark_Matter_(2024_TV_series),,
dark matter,7,"Dark Matter – Wikipédia, a enciclopédia livre",https://pt.wikipedia.org/wiki/Dark_Matter,,
dark matter,,,,1,Onde assistir a série Dark Matter?
dark matter,,,,2,Onde passa a série Matéria Escura?
dark matter,,,,3,Quantos episódios tem a primeira temporada de Dark Matter?
dark matter,,,,4,Quantos episódios tem Matéria Escura Apple?
lechuga,1,"Qual é a tradução de ""lechuga"" em Português?",https://pt.bab.la/dicionario/espanhol-portugues/lechuga,,
lechuga,2,lechuga - Tradução em português,https://www.linguee.pt/espanhol-portugues/traducao/lechuga.html,,
lechuga,3,Lechuga Veg (@lechugaveg) • Instagram photos and videos,https://www.instagram.com/lechugaveg/,,
lechuga,4,Lechuga | CAXIAS DO SUL,https://www.ifood.com.br/delivery/caxias-do-sul-rs/lechuga-nossa-senhora-de-lourdes/21f94643-fdd0-4e10-aa0d-a1189a177684,,
lechuga,5,Tradução de lechuga no Dicionário Infopédia de Espanhol,https://www.infopedia.pt/dicionarios/espanhol-portugues/lechuga,,
lechuga,6,lechuga tradução | dicionário Espanhol-Português,https://dicionario.reverso.net/espanhol-portugues/lechuga,,
lechuga,7,"Lechuga Imagens – Procure 9580 fotos, vetores e vídeos",https://stock.adobe.com/br/search?k=lechuga,,
lechuga,,,,1,O que que é Lechuga em espanhol?
lechuga,,,,2,Qual é o nome de alface em espanhol?
dark energy,1,"Energia escura – Wikipédia, a enciclopédia livre",https://pt.wikipedia.org/wiki/Energia_escura,,
dark energy,2,Dark energy,https://en.wikipedia.org/wiki/Dark_energy,,
dark energy,3,Dark Matter & Dark Energy,https://science.nasa.gov/universe/dark-matter-dark-energy/,,
dark energy,4,What is dark energy?,https://www.space.com/dark-energy-what-is-it,,
dark energy,5,Imagens,/search?q=dark+energy&sca_esv=7ccaf3fd733f8b3e&sca_upv=1&udm=2&source=iu&ictx=1&vet=1&fir=sENULYWoYtgCHM%252CD23AoA5-80Qz9M%252C%252Fm%252F0lkzh%253BvqpdOim_0wgYJM%252Cim5iHEcQTwzhbM%252C_%253BXbPFHlFComFqjM%252CevEEVBkojDbquM%252C_%253B__EghJi0w5eFVM%252CyUgKYx9oEZLM0M%252C_%253BOytPZVuGr_CBOM%252CsQEPQCWGTSbX4M%252C_%253BK52Ii6XpzDvLxM%252Cx4WE-GqOtomeeM%252C_&usg=AI4_-kRMCQv6yjhdist5NKar0TBqEn1fKQ&sa=X&ved=2ahUKEwjuuKTWnfqHAxUzp5UCHVfhG3YQ_B16BAg2EAE#vhid=sENULYWoYtgCHM&vssid=mosaic,,
dark energy,6,Dark Energy Survey,https://www.darkenergysurvey.org/,,
dark energy,7,"Dark energy | Definition, Discoverers, & Facts",https://www.britannica.com/science/dark-energy,,
dark energy,8,"What is Dark Energy? Inside our accelerating, expanding ...",https://science.nasa.gov/universe/the-universe-is-expanding-faster-these-days-and-dark-energy-is-responsible-so-what-is-dark-energy/,,
dark energy,,,,1,Quem descobriu a energia escura?
dark energy,,,,2,O que é matéria escura e energia escura?
python jobs,1,3.000 vagas de Python Developer em: Brazil (185 nova(s)),https://br.linkedin.com/jobs/python-developer-vagas,,
python jobs,2,942 Python Developer jobs in São Paulo ...,https://www.linkedin.com/jobs/python-developer-jobs-s%C3%A3o-paulo?trk=public_jobs_related_jserp_link,,
python jobs,3,Vagas: python developer,https://br.indeed.com/q-python-developer-vagas.html,,
python jobs,4,Python Job Board,https://www.python.org/jobs/,,
python jobs,5,PyJobs: Jobs for Python developers,https://www.pyjobs.com/,,
python jobs,6,568 vagas de Python developer – Brasil - Glassdoor,"https://www.glassdoor.com.br/Vaga/python-developer-vagas-SRCH_KO0,16.htm",,
python jobs,7,Python Jobs,https://www.upwork.com/freelance-jobs/python/,,
python jobs,8,"25000+ Python Jobs, Employment August 16, 2024",https://www.indeed.com/q-python-jobs.html,,
python jobs,,,,1,What jobs I can do with Python?
python jobs,,,,2,Is Python a good paying job?
python jobs,,,,3,What are 3 jobs that use Python?
python jobs,,,,4,Can I get job through Python?
git,1,Git,https://git-scm.com/,,
git,2,Git,https://git-scm.com/,,
git,3,GitHub: Let's build from here · GitHub,https://github.com/,,
git,4,O que é Git | Atlassian Git Tutorial,https://www.atlassian.com/br/git/tutorials/what-is-git,,
git,5,GIT: Mini Curso para Você Sair do Zero! (Aprenda em 45 ...,https://www.youtube.com/watch?v=ts-H3W1uLMM,,
git,6,"Git – Wikipédia, a enciclopédia livre",https://pt.wikipedia.org/wiki/Git,,
git,7,Git for Windows,https://gitforwindows.org/,,
git,8,Comandos Git - Aprenda Git do básico ao avançado,https://comandosgit.github.io/,,
git,,,,1,O que é Git é para que serve?
git,,,,2,Qual é a diferença entre o Git é o GitHub?
git,,,,3,Qual a linguagem do Git?
git,,,,4,Qual o significado da sigla Git?
